{"model":{"version":3,"nodes":[{"name":"RootNode","position":[0,0,0],"rotation":[0,0,0],"scale":[1,1,1],"scaleCompensation":false},{"name":"Cube.001","position":[0,0,0],"rotation":[-180,-0,0],"scale":[1,1,1],"scaleCompensation":false}],"parents":[-1,0],"skins":[],"morphs":[],"vertices":[{"position":{"type":"float32","components":3,"data":[1.26184,-0.320811,0.497225,1.26184,-0.320811,-0.497225,1.51982,-0.320811,0.497225,1.51982,-0.320811,-0.497225,1.51982,0.320811,0.497225,1.51982,0.320811,-0.497225,1.26184,0.320811,0.497225,1.26184,0.320811,-0.497225,1.26184,-0.320811,-0.497225,1.51982,0.320811,-0.497225,1.51982,-0.320811,-0.497225,1.26184,0.320811,-0.497225,1.51982,-0.320811,0.497225,1.51982,0.320811,-0.497225,1.51982,0.320811,0.497225,1.51982,-0.320811,-0.497225,1.51982,-0.320811,0.497225,1.51982,0.320811,0.497225,1.26184,0.320811,0.497225,1.26184,-0.320811,0.497225,1.26184,-0.320811,0.497225,1.26184,0.320811,0.497225,1.26184,0.320811,-0.497225,1.26184,-0.320811,-0.497225]},"normal":{"type":"float32","components":3,"data":[0,-1,2.09781e-07,0,-1,2.09781e-07,0,-1,2.09781e-07,0,-1,2.09781e-07,0,1,-2.09781e-07,0,1,-2.09781e-07,0,1,-2.09781e-07,0,1,-2.09781e-07,0,-1.80046e-07,-1,0,-1.80046e-07,-1,0,-1.80046e-07,-1,0,-1.80046e-07,-1,1,0,0,1,0,0,1,0,0,1,0,0,0,1.80046e-07,1,0,1.80046e-07,1,0,1.80046e-07,1,0,1.80046e-07,1,-1,0,0,-1,0,0,-1,0,0,-1,0,0]},"texCoord0":{"type":"float32","components":2,"data":[0.625,0,0.625,0.25,0.375,0,0.375,0.25,0.625,0.25,0.625,0.5,0.375,0.25,0.375,0.5,0.625,0.75,0.375,0.5,0.625,0.5,0.375,0.75,0.625,0.75,0.375,1,0.375,0.75,0.625,1,0.375,0.75,0.125,0.75,0.125,0.5,0.375,0.5,0.875,0.75,0.625,0.75,0.625,0.5,0.875,0.5]}}],"meshes":[{"aabb":{"min":[1.26184,-0.320811,-0.497225],"max":[1.51982,0.320811,0.497225]},"vertices":0,"indices":[0,1,2,2,1,3,4,5,6,6,5,7,8,9,10,9,8,11,12,13,14,13,12,15,16,17,18,18,19,16,20,21,22,20,22,23],"type":"triangles","base":0,"count":36}],"meshInstances":[{"node":1,"mesh":0}]}}