{"model":{"version":3,"nodes":[{"name":"RootNode","position":[0,0,0],"rotation":[0,0,0],"scale":[0.01,0.01,0.01],"scaleCompensation":false},{"name":"HammerColliderMesh03_Hammer","position":[0,0,0],"rotation":[0,0,0],"scale":[1,1,1],"scaleCompensation":false}],"parents":[-1,0],"skins":[],"morphs":[],"vertices":[{"position":{"type":"float32","components":3,"data":[3.15347,9.70536,3.70435,8.52961e-06,10.2048,-3.70455,8.52961e-06,10.2048,3.70435,3.15347,9.70536,-3.70455,5.99825,8.25587,3.70435,3.15347,9.70536,-3.70455,3.15347,9.70536,3.70435,5.99825,8.25587,-3.70455,5.99825,8.25587,3.70435,8.25588,5.99824,-3.70455,5.99825,8.25587,-3.70455,8.25588,5.99824,3.70435,9.70537,3.15346,3.70435,8.25588,5.99824,-3.70455,8.25588,5.99824,3.70435,9.70537,3.15346,-3.70455,9.70537,3.15346,3.70435,10.2048,-3.2916e-06,-3.70455,9.70537,3.15346,-3.70455,10.2048,-3.94035e-06,3.70435,10.2048,-3.94035e-06,3.70435,9.70536,-3.15347,-3.70455,10.2048,-3.2916e-06,-3.70455,9.70536,-3.15347,3.70435,9.70536,-3.15347,3.70435,8.25588,-5.99825,-3.70455,9.70536,-3.15347,-3.70455,8.25588,-5.99825,3.70435,5.99825,-8.25588,3.70435,8.25588,-5.99825,-3.70455,8.25588,-5.99825,3.70435,5.99825,-8.25588,-3.70455,3.15347,-9.70536,3.70435,5.99825,-8.25588,-3.70455,5.99825,-8.25588,3.70435,3.15347,-9.70536,-3.70455,3.15347,-9.70536,3.70435,5.09851e-06,-10.2048,-3.70455,3.15347,-9.70536,-3.70455,5.09851e-06,-10.2048,3.70435,-3.15346,-9.70536,3.70435,5.09851e-06,-10.2048,-3.70455,5.09851e-06,-10.2048,3.70435,-3.15346,-9.70536,-3.70455,-3.15346,-9.70536,3.70435,-5.99824,-8.25587,-3.70455,-3.15346,-9.70536,-3.70455,-5.99824,-8.25587,3.70435,-5.99824,-8.25587,3.70435,-8.25587,-5.99824,-3.70455,-5.99824,-8.25587,-3.70455,-8.25587,-5.99824,3.70435,-9.70535,-3.15346,3.70435,-8.25587,-5.99824,-3.70455,-8.25587,-5.99824,3.70435,-9.70535,-3.15346,-3.70455,-10.2048,6.39998e-06,3.70435,-9.70535,-3.15346,-3.70455,-9.70535,-3.15346,3.70435,-10.2048,7.65699e-06,-3.70455,-9.70535,3.15347,3.70435,-10.2048,7.65699e-06,-3.70455,-10.2048,6.39998e-06,3.70435,-9.70535,3.15347,-3.70455,-9.70535,3.15347,3.70435,-8.25585,5.99825,-3.70455,-9.70535,3.15347,-3.70455,-8.25585,5.99825,3.70435,-5.99822,8.25588,3.70435,-8.25585,5.99825,-3.70455,-8.25585,5.99825,3.70435,-5.99822,8.25588,-3.70455,-5.99822,8.25588,3.70435,-3.15344,9.70536,-3.70455,-5.99822,8.25588,-3.70455,-3.15344,9.70536,3.70435,8.52961e-06,10.2048,3.70435,-3.15344,9.70536,-3.70455,-3.15344,9.70536,3.70435,8.52961e-06,10.2048,-3.70455,9.05748e-06,-1.27782e-06,3.70435,3.15347,9.70536,3.70435,8.52961e-06,10.2048,3.70435,9.05748e-06,-1.27782e-06,3.70435,5.99825,8.25587,3.70435,3.15347,9.70536,3.70435,9.05748e-06,-1.27782e-06,3.70435,8.25588,5.99824,3.70435,5.99825,8.25587,3.70435,9.05748e-06,-1.27782e-06,3.70435,9.70537,3.15346,3.70435,8.25588,5.99824,3.70435,9.05748e-06,-1.27782e-06,3.70435,10.2048,-3.94035e-06,3.70435,9.70537,3.15346,3.70435,9.05748e-06,-1.27782e-06,3.70435,9.70536,-3.15347,3.70435,10.2048,-3.94035e-06,3.70435,9.05748e-06,-1.27782e-06,3.70435,8.25588,-5.99825,3.70435,9.70536,-3.15347,3.70435,9.05748e-06,-1.27782e-06,3.70435,5.99825,-8.25588,3.70435,8.25588,-5.99825,3.70435,9.05748e-06,-1.27782e-06,3.70435,3.15347,-9.70536,3.70435,5.99825,-8.25588,3.70435,9.05748e-06,-1.27782e-06,3.70435,5.09851e-06,-10.2048,3.70435,3.15347,-9.70536,3.70435,9.05748e-06,-1.27782e-06,3.70435,-3.15346,-9.70536,3.70435,5.09851e-06,-10.2048,3.70435,9.05748e-06,-1.27782e-06,3.70435,-5.99824,-8.25587,3.70435,-3.15346,-9.70536,3.70435,9.05748e-06,-1.27782e-06,3.70435,-8.25587,-5.99824,3.70435,-5.99824,-8.25587,3.70435,9.05748e-06,-1.27782e-06,3.70435,-9.70535,-3.15346,3.70435,-8.25587,-5.99824,3.70435,9.05748e-06,-1.27782e-06,3.70435,-10.2048,6.39998e-06,3.70435,-9.70535,-3.15346,3.70435,9.05748e-06,-1.27782e-06,3.70435,-9.70535,3.15347,3.70435,-10.2048,6.39998e-06,3.70435,9.05748e-06,-1.27782e-06,3.70435,-8.25585,5.99825,3.70435,-9.70535,3.15347,3.70435,9.05748e-06,-1.27782e-06,3.70435,-5.99822,8.25588,3.70435,-8.25585,5.99825,3.70435,9.05748e-06,-1.27782e-06,3.70435,-3.15344,9.70536,3.70435,-5.99822,8.25588,3.70435,9.05748e-06,-1.27782e-06,3.70435,8.52961e-06,10.2048,3.70435,-3.15344,9.70536,3.70435,9.32141e-06,-8.86417e-07,-3.70455,8.52961e-06,10.2048,-3.70455,3.15347,9.70536,-3.70455,9.32141e-06,-8.86417e-07,-3.70455,3.15347,9.70536,-3.70455,5.99825,8.25587,-3.70455,9.32141e-06,-8.86417e-07,-3.70455,5.99825,8.25587,-3.70455,8.25588,5.99824,-3.70455,9.32141e-06,-8.86417e-07,-3.70455,8.25588,5.99824,-3.70455,9.70537,3.15346,-3.70455,9.32141e-06,-8.86417e-07,-3.70455,9.70537,3.15346,-3.70455,10.2048,-3.2916e-06,-3.70455,9.32141e-06,-8.86417e-07,-3.70455,10.2048,-3.2916e-06,-3.70455,9.70536,-3.15347,-3.70455,9.32141e-06,-8.86417e-07,-3.70455,9.70536,-3.15347,-3.70455,8.25588,-5.99825,-3.70455,9.32141e-06,-8.86417e-07,-3.70455,8.25588,-5.99825,-3.70455,5.99825,-8.25588,-3.70455,9.32141e-06,-8.86417e-07,-3.70455,5.99825,-8.25588,-3.70455,3.15347,-9.70536,-3.70455,9.32141e-06,-8.86417e-07,-3.70455,3.15347,-9.70536,-3.70455,5.09851e-06,-10.2048,-3.70455,9.32141e-06,-8.86417e-07,-3.70455,5.09851e-06,-10.2048,-3.70455,-3.15346,-9.70536,-3.70455,9.32141e-06,-8.86417e-07,-3.70455,-3.15346,-9.70536,-3.70455,-5.99824,-8.25587,-3.70455,9.32141e-06,-8.86417e-07,-3.70455,-5.99824,-8.25587,-3.70455,-8.25587,-5.99824,-3.70455,9.32141e-06,-8.86417e-07,-3.70455,-8.25587,-5.99824,-3.70455,-9.70535,-3.15346,-3.70455,9.32141e-06,-8.86417e-07,-3.70455,-9.70535,-3.15346,-3.70455,-10.2048,7.65699e-06,-3.70455,9.32141e-06,-8.86417e-07,-3.70455,-10.2048,7.65699e-06,-3.70455,-9.70535,3.15347,-3.70455,9.32141e-06,-8.86417e-07,-3.70455,-9.70535,3.15347,-3.70455,-8.25585,5.99825,-3.70455,9.32141e-06,-8.86417e-07,-3.70455,-8.25585,5.99825,-3.70455,-5.99822,8.25588,-3.70455,9.32141e-06,-8.86417e-07,-3.70455,-5.99822,8.25588,-3.70455,-3.15344,9.70536,-3.70455,9.32141e-06,-8.86417e-07,-3.70455,-3.15344,9.70536,-3.70455,8.52961e-06,10.2048,-3.70455,126.184,32.0811,9.4251,151.982,32.0811,9.4251,151.982,32.0811,-9.42521,126.184,32.0811,-9.42521,151.982,-32.0811,9.4251,126.184,-32.0811,9.4251,126.184,-32.0811,-9.42522,151.982,-32.0811,-9.42522,126.184,32.0811,9.4251,151.982,-32.0811,9.4251,151.982,32.0811,9.4251,126.184,-32.0811,9.4251,151.982,-32.0811,9.4251,151.982,32.0811,-9.42521,151.982,32.0811,9.4251,151.982,-32.0811,-9.42522,151.982,32.0811,-9.42521,151.982,-32.0811,-9.42522,126.184,-32.0811,-9.42522,126.184,32.0811,-9.42521,126.184,-32.0811,9.4251,126.184,32.0811,9.4251,126.184,32.0811,-9.42521,126.184,-32.0811,-9.42522]},"normal":{"type":"float32","components":3,