{"model":{"version":3,"nodes":[{"name":"RootNode","position":[0,0,0],"rotation":[0,0,0],"scale":[0.01,0.01,0.01],"scaleCompensation":false},{"name":"HammerColliderMesh03_Body","position":[0,0,0],"rotation":[0,0,0],"scale":[1,1,1],"scaleCompensation":false}],"parents":[-1,0],"skins":[],"morphs":[],"vertices":[{"position":{"type":"float32","components":3,"data":[17.804,54.7951,9.43077,5.96046e-06,57.6149,-9.4309,5.96046e-06,57.6149,9.43077,17.804,54.7951,-9.4309,33.8652,46.6115,9.43077,17.804,54.7951,-9.4309,17.804,54.7951,9.43077,33.8652,46.6115,-9.4309,33.8652,46.6115,9.43077,46.6115,33.8652,-9.4309,33.8652,46.6115,-9.4309,46.6115,33.8652,9.43077,46.6115,33.8652,9.43077,54.7951,17.804,-9.4309,46.6115,33.8652,-9.4309,54.7951,17.804,9.43077,54.7951,17.804,9.43077,57.6149,-1.85839e-05,-9.4309,54.7951,17.804,-9.4309,57.6149,-2.22466e-05,9.43077,57.6149,-2.22466e-05,9.43077,54.7951,-17.804,-9.4309,57.6149,-1.85839e-05,-9.4309,54.7951,-17.804,9.43077,54.7951,-17.804,9.43077,46.6115,-33.8652,-9.4309,54.7951,-17.804,-9.4309,46.6115,-33.8652,9.43077,33.8652,-46.6115,9.43077,46.6115,-33.8652,-9.4309,46.6115,-33.8652,9.43077,33.8652,-46.6115,-9.4309,17.804,-54.7951,9.43077,33.8652,-46.6115,-9.4309,33.8652,-46.6115,9.43077,17.804,-54.7951,-9.4309,-1.3411e-05,-57.615,9.43077,17.804,-54.7951,-9.4309,17.804,-54.7951,9.43077,-1.3411e-05,-57.615,-9.4309,-1.3411e-05,-57.615,9.43077,-17.804,-54.7951,-9.4309,-1.3411e-05,-57.615,-9.4309,-17.804,-54.7951,9.43077,-17.804,-54.7951,9.43077,-33.8652,-46.6115,-9.4309,-17.804,-54.7951,-9.4309,-33.8652,-46.6115,9.43077,-33.8652,-46.6115,9.43077,-46.6115,-33.8652,-9.4309,-33.8652,-46.6115,-9.4309,-46.6115,-33.8652,9.43077,-54.7951,-17.804,9.43077,-46.6115,-33.8652,-9.4309,-46.6115,-33.8652,9.43077,-54.7951,-17.804,-9.4309,-57.6149,3.61334e-05,9.43077,-54.7951,-17.804,-9.4309,-54.7951,-17.804,9.43077,-57.6149,4.32303e-05,-9.4309,-54.7951,17.804,9.43077,-57.6149,4.32303e-05,-9.4309,-57.6149,3.61334e-05,9.43077,-54.7951,17.804,-9.4309,-46.6114,33.8653,9.43077,-54.7951,17.804,-9.4309,-54.7951,17.804,9.43077,-46.6114,33.8653,-9.4309,-33.8651,46.6115,9.43078,-46.6114,33.8653,-9.4309,-46.6114,33.8653,9.43077,-33.8651,46.6115,-9.4309,-33.8651,46.6115,9.43078,-17.8039,54.7951,-9.4309,-33.8651,46.6115,-9.4309,-17.8039,54.7951,9.43077,5.96046e-06,57.6149,9.43077,-17.8039,54.7951,-9.4309,-17.8039,54.7951,9.43077,5.96046e-06,57.6149,-9.4309,8.9407e-06,-7.21438e-06,9.43077,17.804,54.7951,9.43077,5.96046e-06,57.6149,9.43077,8.9407e-06,-7.21438e-06,9.43077,33.8652,46.6115,9.43077,17.804,54.7951,9.43077,8.9407e-06,-7.21438e-06,9.43077,46.6115,33.8652,9.43077,33.8652,46.6115,9.43077,8.9407e-06,-7.21438e-06,9.43077,54.7951,17.804,9.43077,46.6115,33.8652,9.43077,8.9407e-06,-7.21438e-06,9.43077,57.6149,-2.22466e-05,9.43077,54.7951,17.804,9.43077,8.9407e-06,-7.21438e-06,9.43077,54.7951,-17.804,9.43077,57.6149,-2.22466e-05,9.43077,8.9407e-06,-7.21438e-06,9.43077,46.6115,-33.8652,9.43077,54.7951,-17.804,9.43077,8.9407e-06,-7.21438e-06,9.43077,33.8652,-46.6115,9.43077,46.6115,-33.8652,9.43077,8.9407e-06,-7.21438e-06,9.43077,17.804,-54.7951,9.43077,33.8652,-46.6115,9.43077,8.9407e-06,-7.21438e-06,9.43077,-1.3411e-05,-57.615,9.43077,17.804,-54.7951,9.43077,8.9407e-06,-7.21438e-06,9.43077,-17.804,-54.7951,9.43077,-1.3411e-05,-57.615,9.43077,8.9407e-06,-7.21438e-06,9.43077,-33.8652,-46.6115,9.43077,-17.804,-54.7951,9.43077,8.9407e-06,-7.21438e-06,9.43077,-46.6115,-33.8652,9.43077,-33.8652,-46.6115,9.43077,8.9407e-06,-7.21438e-06,9.43077,-54.7951,-17.804,9.43077,-46.6115,-33.8652,9.43077,8.9407e-06,-7.21438e-06,9.43077,-57.6149,3.61334e-05,9.43077,-54.7951,-17.804,9.43077,8.9407e-06,-7.21438e-06,9.43077,-54.7951,17.804,9.43077,-57.6149,3.61334e-05,9.43077,8.9407e-06,-7.21438e-06,9.43077,-46.6114,33.8653,9.43077,-54.7951,17.804,9.43077,8.9407e-06,-7.21438e-06,9.43077,-33.8651,46.6115,9.43078,-46.6114,33.8653,9.43077,8.9407e-06,-7.21438e-06,9.43077,-17.8039,54.7951,9.43077,-33.8651,46.6115,9.43078,8.9407e-06,-7.21438e-06,9.43077,5.96046e-06,57.6149,9.43077,-17.8039,54.7951,9.43077,1.04308e-05,-5.00456e-06,-9.4309,5.96046e-06,57.6149,-9.4309,17.804,54.7951,-9.4309,1.04308e-05,-5.00456e-06,-9.4309,17.804,54.7951,-9.4309,33.8652,46.6115,-9.4309,1.04308e-05,-5.00456e-06,-9.4309,33.8652,46.6115,-9.4309,46.6115,33.8652,-9.4309,1.04308e-05,-5.00456e-06,-9.4309,46.6115,33.8652,-9.4309,54.7951,17.804,-9.4309,1.04308e-05,-5.00456e-06,-9.4309,54.7951,17.804,-9.4309,57.6149,-1.85839e-05,-9.4309,1.04308e-05,-5.00456e-06,-9.4309,57.6149,-1.85839e-05,-9.4309,54.7951,-17.804,-9.4309,1.04308e-05,-5.00456e-06,-9.4309,54.7951,-17.804,-9.4309,46.6115,-33.8652,-9.4309,1.04308e-05,-5.00456e-06,-9.4309,46.6115,-33.8652,-9.4309,33.8652,-46.6115,-9.4309,1.04308e-05,-5.00456e-06,-9.4309,33.8652,-46.6115,-9.4309,17.804,-54.7951,-9.4309,1.04308e-05,-5.00456e-06,-9.4309,17.804,-54.7951,-9.4309,-1.3411e-05,-57.615,-9.4309,1.04308e-05,-5.00456e-06,-9.4309,-1.3411e-05,-57.615,-9.4309,-17.804,-54.7951,-9.4309,1.04308e-05,-5.00456e-06,-9.4309,-17.804,-54.7951,-9.4309,-33.8652,-46.6115,-9.4309,1.04308e-05,-5.00456e-06,-9.4309,-33.8652,-46.6115,-9.4309,-46.6115,-33.8652,-9.4309,1.04308e-05,-5.00456e-06,-9.4309,-46.6115,-33.8652,-9.4309,-54.7951,-17.804,-9.4309,1.04308e-05,-5.00456e-06,-9.4309,-54.7951,-17.804,-9.4309,-57.6149,4.32303e-05,-9.4309,1.04308e-05,-5.00456e-06,-9.4309,-57.6149,4.32303e-05,-9.4309,-54.7951,17.804,-9.4309,1.04308e-05,-5.00456e-06,-9.4309,-54.7951,17.804,-9.4309,-46.6114,33.8653,-9.4309,1.04308e-05,-5.00456e-06,-9.4309,-46.6114,33.8653,-9.4309,-33.8651,46.6115,-9.4309,1.04308e-05,-5.00456e-06,-9.4309,-33.8651,46.6115,-9.4309,-17.8039,54.7951,-9.4309,1.04308e-05,-5.00456e-06,-9.4309,-17.8039,54.7951,-9.4309,5.96046e-06,57.6149,-9.4309]},"normal":{"type":"float32","components":3,