{"model":{"version":3,"nodes":[{"name":"RootNode","position":[0,0,0],"rotation":[0,0,0],"scale":[0.01,0.01,0.01],"scaleCompensation":false},{"name":"HammerColliderMesh","position":[0,0,0],"rotation":[0,0,0],"scale":[1,1,1],"scaleCompensation":false}],"parents":[-1,0],"skins":[],"morphs":[],"vertices":[{"position":{"type":"float32","components":3,"data":[17.804,54.7951,7.78871,5.96046e-06,57.6149,-7.78876,5.96046e-06,57.6149,7.78871,17.804,54.7951,-7.78876,33.8652,46.6115,7.78871,17.804,54.7951,-7.78876,17.804,54.7951,7.78871,33.8652,46.6115,-7.78876,46.6115,33.8652,7.78871,33.8652,46.6115,-7.78876,33.8652,46.6115,7.78871,46.6115,33.8652,-7.78876,46.6115,33.8652,7.78871,54.7951,17.804,-7.78876,46.6115,33.8652,-7.78876,54.7951,17.804,7.78871,54.7951,17.804,7.78871,57.6149,-1.85839e-05,-7.78876,54.7951,17.804,-7.78876,57.6149,-2.22466e-05,7.78871,57.6149,-2.22466e-05,7.78871,54.7951,-17.804,-7.78876,57.6149,-1.85839e-05,-7.78876,54.7951,-17.804,7.78871,54.7951,-17.804,7.78871,46.6115,-33.8652,-7.78876,54.7951,-17.804,-7.78876,46.6115,-33.8652,7.78871,46.6115,-33.8652,7.78871,33.8652,-46.6115,-7.78876,46.6115,-33.8652,-7.78876,33.8652,-46.6115,7.78871,17.804,-54.7951,7.78871,33.8652,-46.6115,-7.78876,33.8652,-46.6115,7.78871,17.804,-54.7951,-7.78877,-1.3411e-05,-57.615,7.78871,17.804,-54.7951,-7.78877,17.804,-54.7951,7.78871,-1.3411e-05,-57.615,-7.78877,-17.804,-54.7951,7.78871,-1.3411e-05,-57.615,-7.78877,-1.3411e-05,-57.615,7.78871,-17.804,-54.7951,-7.78877,-17.804,-54.7951,7.78871,-33.8652,-46.6115,-7.78876,-17.804,-54.7951,-7.78877,-33.8652,-46.6115,7.78871,-46.6115,-33.8652,7.78871,-33.8652,-46.6115,-7.78876,-33.8652,-46.6115,7.78871,-46.6115,-33.8652,-7.78876,-54.7951,-17.804,7.78871,-46.6115,-33.8652,-7.78876,-46.6115,-33.8652,7.78871,-54.7951,-17.804,-7.78876,-57.6149,3.61334e-05,7.78871,-54.7951,-17.804,-7.78876,-54.7951,-17.804,7.78871,-57.6149,4.32303e-05,-7.78876,-54.7951,17.804,7.78871,-57.6149,4.32303e-05,-7.78876,-57.6149,3.61334e-05,7.78871,-54.7951,17.804,-7.78876,-46.6114,33.8653,7.78871,-54.7951,17.804,-7.78876,-54.7951,17.804,7.78871,-46.6114,33.8653,-7.78876,-33.8651,46.6115,7.78871,-46.6114,33.8653,-7.78876,-46.6114,33.8653,7.78871,-33.8651,46.6115,-7.78876,-17.8039,54.7951,7.78871,-33.8651,46.6115,-7.78876,-33.8651,46.6115,7.78871,-17.8039,54.7951,-7.78876,5.96046e-06,57.6149,7.78871,-17.8039,54.7951,-7.78876,-17.8039,54.7951,7.78871,5.96046e-06,57.6149,-7.78876,8.9407e-06,-7.21439e-06,7.78871,17.804,54.7951,7.78871,5.96046e-06,57.6149,7.78871,8.9407e-06,-7.21439e-06,7.78871,33.8652,46.6115,7.78871,17.804,54.7951,7.78871,8.9407e-06,-7.21439e-06,7.78871,46.6115,33.8652,7.78871,33.8652,46.6115,7.78871,8.9407e-06,-7.21439e-06,7.78871,54.7951,17.804,7.78871,46.6115,33.8652,7.78871,8.9407e-06,-7.21439e-06,7.78871,57.6149,-2.22466e-05,7.78871,54.7951,17.804,7.78871,8.9407e-06,-7.21439e-06,7.78871,54.7951,-17.804,7.78871,57.6149,-2.22466e-05,7.78871,8.9407e-06,-7.21439e-06,7.78871,46.6115,-33.8652,7.78871,54.7951,-17.804,7.78871,8.9407e-06,-7.21439e-06,7.78871,33.8652,-46.6115,7.78871,46.6115,-33.8652,7.78871,8.9407e-06,-7.21439e-06,7.78871,17.804,-54.7951,7.78871,33.8652,-46.6115,7.78871,8.9407e-06,-7.21439e-06,7.78871,-1.3411e-05,-57.615,7.78871,17.804,-54.7951,7.78871,8.9407e-06,-7.21439e-06,7.78871,-17.804,-54.7951,7.78871,8.9407e-06,-7.21439e-06,7.78871,-33.8652,-46.6115,7.78871,8.9407e-06,-7.21439e-06,7.78871,-46.6115,-33.8652,7.78871,-33.8652,-46.6115,7.78871,8.9407e-06,-7.21439e-06,7.78871,-54.7951,-17.804,7.78871,-46.6115,-33.8652,7.78871,8.9407e-06,-7.21439e-06,7.78871,-57.6149,3.61334e-05,7.78871,-54.7951,-17.804,7.78871,8.9407e-06,-7.21439e-06,7.78871,-54.7951,17.804,7.78871,-57.6149,3.61334e-05,7.78871,8.9407e-06,-7.21439e-06,7.78871,-46.6114,33.8653,7.78871,-54.7951,17.804,7.78871,8.9407e-06,-7.21439e-06,7.78871,-33.8651,46.6115,7.78871,-46.6114,33.8653,7.78871,8.9407e-06,-7.21439e-06,7.78871,-17.8039,54.7951,7.78871,-33.8651,46.6115,7.78871,8.9407e-06,-7.21439e-06,7.78871,5.96046e-06,57.6149,7.78871,-17.8039,54.7951,7.78871,1.04308e-05,-5.00456e-06,-7.78876,5.96046e-06,57.6149,-7.78876,17.804,54.7951,-7.78876,1.04308e-05,-5.00456e-06,-7.78876,17.804,54.7951,-7.78876,33.8652,46.6115,-7.78876,1.04308e-05,-5.00456e-06,-7.78876,33.8652,46.6115,-7.78876,46.6115,33.8652,-7.78876,1.04308e-05,-5.00456e-06,-7.78876,46.6115,33.8652,-7.78876,54.7951,17.804,-7.78876,1.04308e-05,-5.00456e-06,-7.78876,54.7951,17.804,-7.78876,57.6149,-1.85839e-05,-7.78876,1.04308e-05,-5.00456e-06,-7.78876,57.6149,-1.85839e-05,-7.78876,54.7951,-17.804,-7.78876,1.04308e-05,-5.00456e-06,-7.78876,54.7951,-17.804,-7.78876,46.6115,-33.8652,-7.78876,1.04308e-05,-5.00456e-06,-7.78876,46.6115,-33.8652,-7.78876,33.8652,-46.6115,-7.78876,1.04308e-05,-5.00456e-06,-7.78876,33.8652,-46.6115,-7.78876,17.804,-54.7951,-7.78877,1.04308e-05,-5.00456e-06,-7.78876,17.804,-54.7951,-7.78877,-1.3411e-05,-57.615,-7.78877,1.04308e-05,-5.00456e-06,-7.78876,-1.3411e-05,-57.615,-7.78877,-17.804,-54.7951,-7.78877,1.04308e-05,-5.00456e-06,-7.78876,-17.804,-54.7951,-7.78877,-33.8652,-46.6115,-7.78876,1.04308e-05,-5.00456e-06,-7.78876,-33.8652,-46.6115,-7.78876,-46.6115,-33.8652,-7.78876,1.04308e-05,-5.00456e-06,-7.78876,-46.6115,-33.8652,-7.78876,-54.7951,-17.804,-7.78876,1.04308e-05,-5.00456e-06,-7.78876,-54.7951,-17.804,-7.78876,-57.6149,4.32303e-05,-7.78876,1.04308e-05,-5.00456e-06,-7.78876,-57.6149,4.32303e-05,-7.78876,-54.7951,17.804,-7.78876,1.04308e-05,-5.00456e-06,-7.78876,-54.7951,17.804,-7.78876,-46.6114,33.8653,-7.78876,1.04308e-05,-5.00456e-06,-7.78876,-46.6114,33.8653,-7.78876,-33.8651,46.6115,-7.78876,1.04308e-05,-5.00456e-06,-7.78876,-33.8651,46.6115,-7.78876,-17.8039,54.7951,-7.78876,1.04308e-05,-5.00456e-06,-7.78876,-17.8039,54.7951,-7.78876,5.96046e-06,57.6149,-7.78876,127.697,23.3038,7.78402,139.083,32.0811,7.78402,139.083,32.0811,-7.78407,127.697,23.3037,-7.78407,150.469,-23.3037,7.78402,139.083,-32.0811,7.78402,139.083,-32.0811,-7.78407,150.469,-23.3038,-7.78407,143.27,0,7.78402,127.697,23.3038,7.78402,131.885,1.49012e-06,7.78402,139.083,32.0811,7.78402,154.656,1.49012e-06,7.78402,150.469,23.3037,-7.78407,150.469,23.3038,7.78402,154.656,-1.49012e-06,-7.78407,150.469,23.3037,-7.78407,154.656,-1.49012e-06,-7.78407,143.27,-2.98023e-06,-7.78407,139.083,32.0811,-7.78407,127.697,23.3038,7.78402,127.697,23.3037,-7.78407,131.885,1.49012e-06,7.78402,131.885,-1.49012e-06,-7.78407,143.27,-2.98023e-06,-7.78407,127.697,23.3037,-7.78407,139.083,32.0811,-7.78407,131.885,-1.49012e-06,-7.78407,143.27,0,7.78402,150.469,23.3038,7.78402,139.083,32.0811,7.78402,154.656,1.49012e-06,7.78402,139.083,-32.0811,7.78402,127.697,-23.3037,7.78402,127.697,-23.3038,-7.78407,139.083,-32.0811,-7.78407,139.083,32.0811,7.78402,150.469,23.3038,7.78402,150.469,23.3037,-7.78407,139.083,32.0811,-7.78407,143.27,0,7.78402,150.469,-23.3037,7.78402,154.656,1.49012e-06,7.78402,139.083,-32.0811,7.78402,127.697,-23.3038,-7.78407,131.885,-1.49012e-06,-7.78407,143.27,-2.98023e-06,-7.78407,139.083,-32.0811,-7.78407,131.885,1.49012e-06,7.78402,131.885,-1.49012e-06,-7.78407,127.697,-23.3037,7.78402,127.697,-23.3038,-7.78407,143.27,-2.98023e-06,-7.78407,150.469,-23.3038,-7.78407,139.083,-32.0811,-7.78407,154.656,-1.49012e-06,-7.78407,150.469,-23.3037,7.78402,154.656,-1.49012e-06,-7.78407,154.656,1.49012e-06,7.78402,150.469,-23.3038,-7.78407,143.27,0,7.78402,127.697,-23.3037,7.78402,139.083,-32.0811,7.78402,131.885,1.49012e-06,7.78402]},"normal":{"type":"float32","components":3,