{
    "point21": {
        "x": 680,
        "y": 173
    },
    "point20": {
        "x": 632,
        "y": 85
    },
    "point19": {
        "x": 596,
        "y": 202
    },
    "point18": {
        "x": 632,
        "y": 314
    },
    "point17": {
        "x": 480,
        "y": 360
    },
    "point16": {
        "x": 533,
        "y": 287
    },
    "point15": {
        "x": 487,
        "y": 150
    },
    "point14": {
        "x": 545,
        "y": 90
    },
    "point13": {
        "x": 431,
        "y": 43
    },
    "point12": {
        "x": 430,
        "y": 253
    },
    "point11": {
        "x": 351,
        "y": 333
    },
    "point10": {
        "x": 353,
        "y": 190
    },
    "point9": {
        "x": 309,
        "y": 48
    },
    "point8": {
        "x": 260,
        "y": 140
    },
    "point7": {
        "x": 282,
        "y": 273
    },
    "point6": {
        "x": 193,
        "y": 296
    },
    "point5": {
        "x": 137,
        "y": 214
    },
    "point4": {
        "x": 185,
        "y": 79
    },
    "point3": {
        "x": 99,
        "y": 96
    },
    "point2": {
        "x": 42,
        "y": 167
    },
	"point1": {
        "x": 48,
        "y": 266
    },
    "point0": {
        "x": 105,
        "y": 344
    },
    "bike1": {
        "driver_head": {
            "x": -1.8,
            "y": -59.5,
            "r": 14.998931884765625,
            "g": "driver_head1"
        },
        "driver_forearm": {
            "x": 8.8,
            "y": -33.35,
            "r": 11.00091552734375,
            "g": "driver_forearm1"
        },
        "driver_arm": {
            "x": -4.25,
            "y": -39.4,
            "r": 44.99913024902344,
            "g": "driver_arm1"
        },
        "driver_shin": {
            "x": -1.8,
            "y": -2.7,
            "r": 3.0003509521484375,
            "g": "driver_shin1"
        },
        "driver_hip": {
            "x": -7.4,
            "y": -18.5,
            "r": 29.9998779296875,
            "g": "driver_hip1"
        },
        "driver_corpse": {
            "x": -8.35,
            "y": -33.75,
            "r": 15.732131958007812,
            "g": "driver_corpse1"
        },
        "suspend_front": {
            "x": 46,
            "y": 16,
            "r": 63.00018310546875,
            "g": "suspend_front1"
        },
        "base": {
            "x": 0,
            "y": 0,
            "r": 0,
            "g": "bike_1_base"
        },
        "suspend_back": {
            "x": -6,
            "y": 12,
            "r": 169.69569396972656,
            "g": "suspend_back1"
        },
        "Wheel0": {
            "x": -35,
            "y": 17,
            "r": 0,
            "g": "Wheel_1_0"
        },
        "Wheel1": {
            "x": 44,
            "y": 17,
            "r": 0,
            "g": "Wheel_1_0"
        }
    },
    "bike3": {
        "driver_head": {
            "x": -1.8,
            "y": -59.5,
            "r": 14.998931884765625,
            "g": "driver_head3"
        },
        "driver_forearm": {
            "x": 8.8,
            "y": -33.35,
            "r": 11.00091552734375,
            "g": "driver_forearm3"
        },
        "driver_arm": {
            "x": -4.25,
            "y": -39.4,
            "r": 44.99913024902344,
            "g": "driver_arm3"
        },
        "driver_shin": {
            "x": -1.8,
            "y": -2.7,
            "r": 3.0003509521484375,
            "g": "driver_shin3"
        },
        "driver_hip": {
            "x": -7.4,
            "y": -18.5,
            "r": 29.9998779296875,
            "g": "driver_hip3"
        },
        "driver_corpse": {
            "x": -8.35,
            "y": -33.75,
            "r": 15.732131958007812,
            "g": "driver_corpse3"
        },
        "suspend_front": {
            "x": 44,
            "y": 15,
            "r": 63.00018310546875,
            "g": "suspend_front3"
        },
        "base": {
            "x": 0,
            "y": 0,
            "r": 0,
            "g": "bike_3_base"
        },
        "suspend_back": {
            "x": -6,
            "y": 12,
            "r": 169.69569396972656,
            "g": "suspend_back3"
        },
        "Wheel0": {
            "x": -34,
            "y": 17,
            "r": 0,
            "g": "Wheel_3_0"
        },
        "Wheel1": {
            "x": 46,
            "y": 16,
            "r": 0,
            "g": "Wheel_3_0"
        }
    },
    "bike5": {
        "driver_head": {
            "x": -1.8,
            "y": -59.5,
            "r": 14.998931884765625,
            "g": "driver_head5"
        },
        "driver_forearm": {
            "x": 8.8,
            "y": -33.35,
            "r": 11.00091552734375,
            "g": "driver_forearm5"
        },
        "driver_arm": {
            "x": -4.25,
            "y": -39.4,
            "r": 44.99913024902344,
            "g": "driver_arm5"
        },
        "driver_shin": {
            "x": -1.8,
            "y": -2.7,
            "r": 3.0003509521484375,
            "g": "driver_shin5"
        },
        "driver_hip": {
            "x": -7.4,
            "y": -18.5,
            "r": 29.9998779296875,
            "g": "driver_hip5"
        },
        "driver_corpse": {
            "x": -8.35,
            "y": -33.75,
            "r": 15.732131958007812,
            "g": "driver_corpse5"
        },
        "suspend_front": {
            "x": 49,
            "y": 13,
            "r": 63.00018310546875,
            "g": "suspend_front5"
        },
        "base": {
            "x": 0,
            "y": 0,
            "r": 0,
            "g": "bike_5_base"
        },
        "suspend_back": {
            "x": -10,
            "y": 12,
            "r": 169.69569396972656,
            "g": "suspend_back5"
        },
        "Wheel0": {
            "x": -34,
            "y": 17,
            "r": 0,
            "g": "Wheel_5_0"
        },
        "Wheel1": {
            "x": 47,
            "y": 17,
            "r": 0,
            "g": "Wheel_5_0"
        }
    },
    "bike11": {
        "driver_head": {
            "x": 20.1,
            "y": -56.55,
            "r": 47.00189208984375,
            "g": "driver_head1"
        },
        "driver_forearm": {
            "x": 19,
            "y": -31.5,
            "r": 25.82525634765625,
            "g": "driver_forearm1"
        },
        "driver_arm": {
            "x": 7.9,
            "y": -40.7,
            "r": 59.82405090332031,
            "g": "driver_arm1"
        },
        "driver_shin": {
            "x": -34.45,
            "y": -48.55,
            "r": 117.83747863769531,
            "g": "driver_shin1"
        },
        "driver_hip": {
            "x": -17.8,
            "y": -47.95,
            "r": 144.83595275878906,
            "g": "driver_hip1"
        },
        "driver_corpse": {
            "x": -1.15,
            "y": -46.8,
            "r": 100.73109436035156,
            "g": "driver_corpse1"
        },
        "suspend_front": {
            "x": 40.35,
            "y": 26.75,
            "r": 78.82647705078125,
            "g": "suspend_front1"
        },
        "base": {
            "x": 0.5,
            "y": -1.2,
            "r": 15.826858520507812,
            "g": "bike_1_base"
        },
        "suspend_back": {
            "x": -8.5,
            "y": 8.7,
            "r": -174.4778289794922,
            "g": "suspend_back1"
        },
        "Wheel0": {
            "x": -37.8,
            "y": 5.6,
            "r": 15.826858520507812,
            "g": "Wheel_1_0"
        },
        "Wheel1": {
            "x": 38.15,
            "y": 27.15,
            "r": 15.826858520507812,
            "g": "Wheel_1_0"
        }
    },
    "Plank0": {
        "shape": "rect",
        "h": 17.3,
        "w": 71.1
    },
	"PlankWipe0": {
		"shape":"rect",
		"h":18,
		"w":85
	},
	"RemovedWipe0": {
		"shape":"rect",
		"h":85,
		"w":18
	},
	"SphereE":{
		"h":274,